Suburb,Neighborhood
Western,Andheri
Western,Mira Bhayandar
Western,Bandra
Western,Borivali
Western,Dahisar
Western,Goregaon
Western,Jogeshwari
Western,Juhu
Western,Kandivali West
Western,Kandivali East
Western,Khar
Western,Malad
Western,Santacruz
Western,Vasai
Western,Virar
Western,Vile Parle
Eastern,Bhandup
Eastern,Ghatkopar
Eastern,Kanjurmarg
Eastern,Kurla
Eastern,Mulund
Eastern,Nahur
Eastern,Powai
Eastern,Vidyavihar
Eastern,Vikhroli
Harbour,Chembur
Harbour,Govandi
Harbour,Mankhurd
Harbour,Trombay
South,Antop Hill
South,Byculla
South,Colaba
South,Dadar
South,Fort
South,Girgaon
South,Kalbadevi
South,Kamathipura
South,Matunga
South,Parel
South,Tardeo
South,Churchgate
South,Lower Parel
South,Mahim
South,Sion
South,Worli
South,Malabar Hill
South,Marine Drive
